timestamp,obstacle_first_detected_time,status_change_time,decision_generation_time,image_capture_time,csv_write_time,overall_status,decision,image_captured,sensor_to_status_latency_ms,status_to_decision_latency_ms,decision_to_image_latency_ms
2026-08-06 11:17:50,2026-08-06 11:17:50.712,2026-08-06 11:17:50.712,2026-08-06 11:17:55.719,2026-08-06 11:17:57.119,2026-08-06 11:17:57.119,DANGER,HOLD / CONNECTION FAULT,True,0.151,5006.579,1399.969
2026-08-06 11:17:57,2026-08-06 11:17:57.736,2026-08-06 11:17:57.736,2026-08-06 11:18:02.742,2026-08-06 11:18:04.137,2026-08-06 11:18:04.137,DANGER,HOLD / CONNECTION FAULT,True,0.065,5005.814,1394.721
2026-08-06 11:18:04,2026-08-06 11:18:04.789,2026-08-06 11:18:04.789,2026-08-06 11:18:05.097,2026-08-06 11:18:06.454,2026-08-06 11:18:06.454,DANGER,HOLD / CONNECTION FAULT,True,0.066,307.914,1356.351
2026-08-06 11:18:06,2026-08-06 11:18:07.088,2026-08-06 11:18:07.088,2026-08-06 11:18:07.088,2026-08-06 11:18:08.683,2026-08-06 11:18:08.683,DANGER,HOLD POSITION (NO REVERSE),True,0.07,0.359,1594.328
2026-08-06 11:18:09,2026-08-06 11:18:09.335,2026-08-06 11:18:09.335,2026-08-06 11:18:09.336,2026-08-06 11:18:10.686,2026-08-06 11:18:10.687,DANGER,HOLD POSITION (NO REVERSE),True,0.079,0.303,1350.667
2026-08-06 11:18:11,2026-08-06 11:18:11.340,2026-08-06 11:18:11.340,2026-08-06 11:18:11.340,2026-08-06 11:18:12.691,2026-08-06 11:18:12.692,DANGER,HOLD POSITION (NO REVERSE),True,0.069,0.289,1350.899
2026-08-06 11:18:13,2026-08-06 11:18:13.362,2026-08-06 11:18:13.362,2026-08-06 11:18:13.362,2026-08-06 11:18:14.991,2026-08-06 11:18:14.992,DANGER,MOVE RIGHT,True,0.076,0.307,1628.917
2026-08-06 11:18:15,2026-08-06 11:18:15.645,2026-08-06 11:18:15.645,2026-08-06 11:18:15.645,2026-08-06 11:18:17.000,2026-08-06 11:18:17.000,DANGER,MOVE RIGHT,True,0.069,0.28,1354.48
2026-08-06 11:18:17,2026-08-06 11:18:17.651,2026-08-06 11:18:17.651,2026-08-06 11:18:17.652,2026-08-06 11:18:19.002,2026-08-06 11:18:19.003,DANGER,MOVE RIGHT,True,0.066,0.281,1350.947
2026-08-06 11:18:19,2026-08-06 11:18:19.620,2026-08-06 11:18:19.620,2026-08-06 11:18:19.620,N/A,2026-08-06 11:18:19.620,SAFE,MOVE FORWARD,False,0.07,0.277,N/A
2026-08-06 11:18:20,2026-08-06 11:18:20.284,2026-08-06 11:18:20.284,2026-08-06 11:18:20.284,2026-08-06 11:18:21.702,2026-08-06 11:18:21.702,WARNING,SLOW / CAUTION,True,0.107,0.463,1417.761
2026-08-06 11:18:22,2026-08-06 11:18:22.356,2026-08-06 11:18:22.356,2026-08-06 11:18:22.356,2026-08-06 11:18:23.711,2026-08-06 11:18:23.712,WARNING,SLOW / CAUTION,True,0.07,0.282,1355.079
2026-08-06 11:18:24,2026-08-06 11:18:24.329,2026-08-06 11:18:24.329,2026-08-06 11:18:24.329,N/A,2026-08-06 11:18:24.330,SAFE,MOVE FORWARD,False,0.068,0.28,N/A
2026-08-06 11:18:24,2026-08-06 11:18:24.983,2026-08-06 11:18:24.983,2026-08-06 11:18:24.983,N/A,2026-08-06 11:18:24.984,SAFE,MOVE FORWARD,False,0.058,0.258,N/A
2026-08-06 11:18:25,2026-08-06 11:18:25.646,2026-08-06 11:18:25.646,2026-08-06 11:18:25.647,N/A,2026-08-06 11:18:25.647,SAFE,MOVE FORWARD,False,0.107,0.8,N/A
2026-08-06 11:18:26,2026-08-06 11:18:26.312,2026-08-06 11:18:26.312,2026-08-06 11:18:26.313,N/A,2026-08-06 11:18:26.313,SAFE,MOVE FORWARD,False,0.112,0.47,N/A
2026-08-06 11:18:26,2026-08-06 11:18:26.997,2026-08-06 11:18:26.997,2026-08-06 11:18:26.997,N/A,2026-08-06 11:18:26.998,SAFE,MOVE FORWARD,False,0.152,0.499,N/A
2026-08-06 11:18:27,2026-08-06 11:18:27.700,2026-08-06 11:18:27.700,2026-08-06 11:18:27.700,N/A,2026-08-06 11:18:27.701,SAFE,MOVE FORWARD,False,0.109,0.468,N/A
2026-08-06 11:18:28,2026-08-06 11:18:28.402,2026-08-06 11:18:28.402,2026-08-06 11:18:28.402,N/A,2026-08-06 11:18:28.403,SAFE,MOVE FORWARD,False,0.111,0.464,N/A
2026-08-06 11:18:28,2026-08-06 11:18:29.104,2026-08-06 11:18:29.104,2026-08-06 11:18:29.104,N/A,2026-08-06 11:18:29.105,SAFE,MOVE FORWARD,False,0.108,0.46,N/A
2026-08-06 11:18:29,2026-08-06 11:18:29.790,2026-08-06 11:18:29.790,2026-08-06 11:18:29.791,N/A,2026-08-06 11:18:29.791,SAFE,MOVE FORWARD,False,0.114,0.512,N/A
2026-08-06 11:18:30,2026-08-06 11:18:30.475,2026-08-06 11:18:30.475,2026-08-06 11:18:30.475,N/A,2026-08-06 11:18:30.476,SAFE,MOVE FORWARD,False,0.11,0.466,N/A
2026-08-06 11:18:30,2026-08-06 11:18:31.160,2026-08-06 11:18:31.160,2026-08-06 11:18:31.160,N/A,2026-08-06 11:18:31.161,SAFE,MOVE FORWARD,False,0.155,0.501,N/A
2026-08-06 11:18:31,2026-08-06 11:18:31.844,2026-08-06 11:18:31.844,2026-08-06 11:18:31.844,N/A,2026-08-06 11:18:31.845,SAFE,MOVE FORWARD,False,0.108,0.467,N/A
2026-08-06 11:18:32,2026-08-06 11:18:32.546,2026-08-06 11:18:32.546,2026-08-06 11:18:32.547,2026-08-06 11:18:33.961,2026-08-06 11:18:33.962,WARNING,SLOW / CAUTION,True,0.104,0.785,1414.191
2026-08-06 11:18:34,2026-08-06 11:18:34.614,2026-08-06 11:18:34.614,2026-08-06 11:18:34.614,2026-08-06 11:18:35.975,2026-08-06 11:18:35.975,DANGER,MOVE LEFT,True,0.065,0.302,1360.259
2026-08-06 11:18:36,2026-08-06 11:18:36.608,2026-08-06 11:18:36.608,2026-08-06 11:18:36.609,2026-08-06 11:18:38.070,2026-08-06 11:18:38.071,DANGER,MOVE LEFT,True,0.08,0.296,1461.384
2026-08-06 11:18:38,2026-08-06 11:18:38.724,2026-08-06 11:18:38.724,2026-08-06 11:18:38.724,2026-08-06 11:18:40.075,2026-08-06 11:18:40.075,WARNING,SLOW / CAUTION,True,0.067,0.281,1350.241
2026-08-06 11:18:40,2026-08-06 11:18:40.710,2026-08-06 11:18:40.710,2026-08-06 11:18:40.711,N/A,2026-08-06 11:18:40.711,SAFE,MOVE FORWARD,False,0.073,0.28,N/A
2026-08-06 11:18:41,2026-08-06 11:18:41.381,2026-08-06 11:18:41.381,2026-08-06 11:18:41.381,N/A,2026-08-06 11:18:41.381,SAFE,MOVE FORWARD,False,0.102,0.285,N/A
